Data Series,2025 Feb ,2025 Jan ,2024 Dec ,2024 Nov ,2024 Oct ,2024 Sep ,2024 Aug ,2024 Jul ,2024 Jun ,2024 May ,2024 Apr ,2024 Mar ,2024 Feb ,2024 Jan ,2023 Dec ,2023 Nov ,2023 Oct ,2023 Sep ,2023 Aug ,2023 Jul ,2023 Jun ,2023 May ,2023 Apr ,2023 Mar ,2023 Feb ,2023 Jan ,2022 Dec ,2022 Nov ,2022 Oct ,2022 Sep ,2022 Aug ,2022 Jul ,2022 Jun ,2022 May ,2022 Apr ,2022 Mar ,2022 Feb ,2022 Jan ,2021 Dec ,2021 Nov ,2021 Oct ,2021 Sep ,2021 Aug ,2021 Jul ,2021 Jun ,2021 May ,2021 Apr ,2021 Mar ,2021 Feb ,2021 Jan ,2020 Dec ,2020 Nov ,2020 Oct ,2020 Sep ,2020 Aug ,2020 Jul ,2020 Jun ,2020 May ,2020 Apr ,2020 Mar ,2020 Feb ,2020 Jan ,2019 Dec ,2019 Nov ,2019 Oct ,2019 Sep ,2019 Aug ,2019 Jul ,2019 Jun ,2019 May ,2019 Apr ,2019 Mar ,2019 Feb ,2019 Jan ,2018 Dec ,2018 Nov ,2018 Oct ,2018 Sep ,2018 Aug ,2018 Jul ,2018 Jun ,2018 May ,2018 Apr ,2018 Mar ,2018 Feb ,2018 Jan ,2017 Dec ,2017 Nov ,2017 Oct ,2017 Sep ,2017 Aug ,2017 Jul ,2017 Jun ,2017 May ,2017 Apr ,2017 Mar ,2017 Feb ,2017 Jan ,2016 Dec ,2016 Nov ,2016 Oct ,2016 Sep ,2016 Aug ,2016 Jul ,2016 Jun ,2016 May ,2016 Apr ,2016 Mar ,2016 Feb ,2016 Jan ,2015 Dec ,2015 Nov ,2015 Oct ,2015 Sep ,2015 Aug ,2015 Jul ,2015 Jun ,2015 May ,2015 Apr ,2015 Mar ,2015 Feb ,2015 Jan ,2014 Dec ,2014 Nov ,2014 Oct ,2014 Sep ,2014 Aug ,2014 Jul ,2014 Jun ,2014 May ,2014 Apr ,2014 Mar ,2014 Feb ,2014 Jan ,2013 Dec ,2013 Nov ,2013 Oct ,2013 Sep ,2013 Aug ,2013 Jul ,2013 Jun ,2013 May ,2013 Apr ,2013 Mar ,2013 Feb ,2013 Jan ,2012 Dec ,2012 Nov ,2012 Oct ,2012 Sep ,2012 Aug ,2012 Jul ,2012 Jun ,2012 May ,2012 Apr ,2012 Mar ,2012 Feb ,2012 Jan ,2011 Dec ,2011 Nov ,2011 Oct ,2011 Sep ,2011 Aug ,2011 Jul ,2011 Jun ,2011 May ,2011 Apr ,2011 Mar ,2011 Feb ,2011 Jan ,2010 Dec ,2010 Nov ,2010 Oct ,2010 Sep ,2010 Aug ,2010 Jul ,2010 Jun ,2010 May ,2010 Apr ,2010 Mar ,2010 Feb ,2010 Jan ,2009 Dec ,2009 Nov ,2009 Oct ,2009 Sep ,2009 Aug ,2009 Jul ,2009 Jun ,2009 May ,2009 Apr ,2009 Mar ,2009 Feb ,2009 Jan ,2008 Dec ,2008 Nov ,2008 Oct ,2008 Sep ,2008 Aug ,2008 Jul ,2008 Jun ,2008 May ,2008 Apr ,2008 Mar ,2008 Feb ,2008 Jan ,2007 Dec ,2007 Nov ,2007 Oct ,2007 Sep ,2007 Aug ,2007 Jul ,2007 Jun ,2007 May ,2007 Apr ,2007 Mar ,2007 Feb ,2007 Jan ,2006 Dec ,2006 Nov ,2006 Oct ,2006 Sep ,2006 Aug ,2006 Jul ,2006 Jun ,2006 May ,2006 Apr ,2006 Mar ,2006 Feb ,2006 Jan ,2005 Dec ,2005 Nov ,2005 Oct ,2005 Sep ,2005 Aug ,2005 Jul ,2005 Jun ,2005 May ,2005 Apr ,2005 Mar ,2005 Feb ,2005 Jan ,2004 Dec ,2004 Nov ,2004 Oct ,2004 Sep ,2004 Aug ,2004 Jul ,2004 Jun ,2004 May ,2004 Apr ,2004 Mar ,2004 Feb ,2004 Jan ,2003 Dec ,2003 Nov ,2003 Oct ,2003 Sep ,2003 Aug ,2003 Jul ,2003 Jun ,2003 May ,2003 Apr ,2003 Mar ,2003 Feb ,2003 Jan ,2002 Dec ,2002 Nov ,2002 Oct ,2002 Sep ,2002 Aug ,2002 Jul ,2002 Jun ,2002 May ,2002 Apr ,2002 Mar ,2002 Feb ,2002 Jan ,2001 Dec ,2001 Nov ,2001 Oct ,2001 Sep ,2001 Aug ,2001 Jul ,2001 Jun ,2001 May ,2001 Apr ,2001 Mar ,2001 Feb ,2001 Jan ,2000 Dec ,2000 Nov ,2000 Oct ,2000 Sep ,2000 Aug ,2000 Jul ,2000 Jun ,2000 May ,2000 Apr ,2000 Mar ,2000 Feb ,2000 Jan ,1999 Dec ,1999 Nov ,1999 Oct ,1999 Sep ,1999 Aug ,1999 Jul ,1999 Jun ,1999 May ,1999 Apr ,1999 Mar ,1999 Feb ,1999 Jan ,1998 Dec ,1998 Nov ,1998 Oct ,1998 Sep ,1998 Aug ,1998 Jul ,1998 Jun ,1998 May ,1998 Apr ,1998 Mar ,1998 Feb ,1998 Jan ,1997 Dec ,1997 Nov ,1997 Oct ,1997 Sep ,1997 Aug ,1997 Jul ,1997 Jun ,1997 May ,1997 Apr ,1997 Mar ,1997 Feb ,1997 Jan ,1996 Dec ,1996 Nov ,1996 Oct ,1996 Sep ,1996 Aug ,1996 Jul ,1996 Jun ,1996 May ,1996 Apr ,1996 Mar ,1996 Feb ,1996 Jan ,1995 Dec ,1995 Nov ,1995 Oct ,1995 Sep ,1995 Aug ,1995 Jul ,1995 Jun ,1995 May ,1995 Apr ,1995 Mar ,1995 Feb ,1995 Jan ,1994 Dec ,1994 Nov ,1994 Oct ,1994 Sep ,1994 Aug ,1994 Jul ,1994 Jun ,1994 May ,1994 Apr ,1994 Mar ,1994 Feb ,1994 Jan ,1993 Dec ,1993 Nov ,1993 Oct ,1993 Sep ,1993 Aug ,1993 Jul ,1993 Jun ,1993 May ,1993 Apr ,1993 Mar ,1993 Feb ,1993 Jan ,1992 Dec ,1992 Nov ,1992 Oct ,1992 Sep ,1992 Aug ,1992 Jul ,1992 Jun ,1992 May ,1992 Apr ,1992 Mar ,1992 Feb ,1992 Jan ,1991 Dec ,1991 Nov ,1991 Oct ,1991 Sep ,1991 Aug ,1991 Jul ,1991 Jun ,1991 May ,1991 Apr ,1991 Mar ,1991 Feb ,1991 Jan ,1990 Dec ,1990 Nov ,1990 Oct ,1990 Sep ,1990 Aug ,1990 Jul ,1990 Jun ,1990 May ,1990 Apr ,1990 Mar ,1990 Feb ,1990 Jan ,1989 Dec ,1989 Nov ,1989 Oct ,1989 Sep ,1989 Aug ,1989 Jul ,1989 Jun ,1989 May ,1989 Apr ,1989 Mar ,1989 Feb ,1989 Jan ,1988 Dec ,1988 Nov ,1988 Oct ,1988 Sep ,1988 Aug ,1988 Jul ,1988 Jun ,1988 May ,1988 Apr ,1988 Mar ,1988 Feb ,1988 Jan ,1987 Dec ,1987 Nov ,1987 Oct ,1987 Sep ,1987 Aug ,1987 Jul ,1987 Jun ,1987 May ,1987 Apr ,1987 Mar ,1987 Feb ,1987 Jan ,1986 Dec ,1986 Nov ,1986 Oct ,1986 Sep ,1986 Aug ,1986 Jul ,1986 Jun ,1986 May ,1986 Apr ,1986 Mar ,1986 Feb ,1986 Jan ,1985 Dec ,1985 Nov ,1985 Oct ,1985 Sep ,1985 Aug ,1985 Jul ,1985 Jun ,1985 May ,1985 Apr ,1985 Mar ,1985 Feb ,1985 Jan 
Total,95.157,114.095,117.246,104.895,105.077,101.116,103.283,101.803,97.557,105.15,98.425,106.551,98.703,108.972,120.514,105.104,101.99,99.071,102.465,100.819,98.002,102.685,99.445,103.534,91.067,107.477,120.909,102.846,102.412,98.363,98.213,99.397,97.018,100.965,95.966,99.171,80.974,108.71,111.972,96.187,92.379,88.286,86.54,86.866,84.206,85.402,85.465,90.937,83.849,96.791,104.89,93.979,85.774,82.603,88.727,86.582,66.466,47.203,55.347,85.549,79.466,103.507,108.37,95.303,93.733,92.363,94.077,94.811,91.828,97.618,92.18,99.053,86.763,111.063,112.315,99.702,98.009,94.394,98.257,96.223,100.608,99.244,93.638,99.482,95.956,103.125,119.406,101.737,97.663,92.78,98.698,98.731,98.936,99.115,92.598,100.505,88.4,111.432,112.294,96.63,97.463,93.272,95.848,97.744,97.52,98.923,92.005,98.479,90.3,108.292,111.561,95.937,95.551,91.547,96.35,95.003,96.039,95.93,89.023,93.487,92.613,100.368,108.511,91.553,92.843,87.815,90.394,90.303,89.632,90.616,84.794,91.621,80.921,105.965,103.748,86.345,85.998,86.04,87.366,87.407,91.07,96.972,92.141,91.908,88.712,103.232,109.812,94.579,95.245,91.556,94.615,95.178,95.046,94.281,92.615,99.384,91.462,105.822,111.72,95.919,96.402,89.127,91.256,98.034,95.86,93.665,90.465,91.19,76.266,103.479,107.578,90.842,88.834,89.324,88.245,88.537,86.318,85.399,83.481,90.53,86.103,100.049,104.206,89.113,89.032,88.054,89.207,89.789,92.488,90.387,85.503,93.277,84.794,100.27,109.439,90.477,93.29,100.003,93.662,99.437,101.21,100.964,96.376,100.289,89.769,113.621,110.122,93.2,96.524,93.381,90.054,89.266,105.041,96.055,89.571,94.989,90.574,104.64,106.583,92.519,91.86,87.01,84.1,90.811,91.142,93.834,88.614,99.563,75.989,105.132,101.572,85.436,90.684,84.704,81.904,88.175,87.299,83.174,82.928,90.561,73.824,99.037,93.488,83.703,81.507,76.995,74.743,80.331,81.441,77.734,74.685,81.78,76.577,88.728,91.077,75.397,72.202,69.892,67.898,74.137,69.366,72.019,64.674,67.811,54.684,84.117,82.476,67.972,62.92,61.381,63.156,67.582,63.004,60.888,63.14,70.411,58.547,74.198,75.784,66.016,61.961,61.982,68.765,66.126,67.987,67.612,65.275,73.771,60.658,79.61,78.071,68.88,61.027,67.348,63.959,69.02,69.028,63.113,61.409,60.789,49.519,74.953,64.693,57.558,55.89,57.456,55.138,53.718,56.165,51.334,48.757,48.374,44.887,52.964,55.888,47.003,42.936,42.728,43.985,47.647,46.043,46.396,50.776,40.63,40.534,60.643,53.406,48.247,47.886,51.424,49.14,54.591,50.277,49.368,48.567,50.8,42.642,66.444,63.401,52.846,51.225,50.82,48.607,51.131,49.49,49.384,47.964,49.964,54.966,58.46,57.681,52.401,50.408,51.933,50.332,49.797,48.19,49.477,47.885,53.083,42.766,65.536,57.52,51.485,48.199,49.316,47.155,51.229,45.533,45.544,40.098,64.186,48.036,62.026,59.369,49.033,47.006,46.887,47.957,50.799,49.495,47.41,44.266,50.184,42.679,59.614,50.652,43.541,43.044,45.732,44.532,43.333,47.551,43.747,42.713,44.409,38.869,54.746,46.559,45.236,45.609,38.62,41.887,39.82,38.125,39.406,39.572,38.827,40.481,42.135,49.219,36.973,40.801,35.343,38.118,35.876,36.315,34.562,47.29,44.39,40.225,55.043,49.639,41.392,39.137,39.052,39.226,36.256,35.053,36.736,37.393,41.908,39.652,47.012,49.55,37.066,39.093,35.551,36.468,33.54,32.396,33.798,31.413,30.744,32.927,36.019,34.189,30.329,28.442,27.799,28.611,27.636,26.994,27.033,25.598,25.331,21.849,28.96,25.8,20.79,20.297,20.047,20.75,20.449,19.497,20.028,19.326,20.864,22.9,27.087,25.911,22.085,21.031,21.679,22.672,21.651,21.439,23.468,22.345,27.277,31.984,32.675
  Department Stores,62.011,94.371,99.037,85.973,77.31,71.107,75.622,67.168,70.768,81.76,71.148,77.741,72.574,92.476,105.032,90.745,79.214,76.39,80.808,76.045,74.741,84.556,77.624,77.394,69.328,95.284,111.385,89.62,83.78,75.722,85.218,77.359,74.375,84.493,72.446,66.424,54.931,91.639,99.859,73.454,58.909,56.231,58.748,54.174,46.57,48.54,54.828,56.362,57.56,70.324,88.867,78.657,60.101,56.208,63.904,58.527,28.207,7.85,14.859,57.002,59.143,110.827,124.847,102.824,92.813,93.329,100.69,87.7,92.874,95.139,84.302,92.567,90.603,115.504,132.501,112.963,93.862,94.597,97.063,91.185,92.744,98.929,86.891,98.58,103.356,107.878,134.349,103.896,97.765,93.763,93.908,95.957,94.883,96.692,88.753,90.74,82.86,126.435,139.958,99.822,97.216,87.726,92.696,95.26,93.613,101.744,85.548,92.224,95.87,124.795,139.889,104.605,96.783,94.623,98.598,102.063,101.617,108.263,90.543,97.56,113.476,110.427,144.715,104.763,99.716,92.236,96.659,97.126,101.263,105.976,88.11,99.206,91.033,130.208,155.36,103.38,98.342,94.331,102.591,95.938,105.082,107.272,89.096,100.389,102.858,116.097,150.32,101.024,100.239,95.282,96.674,94.277,101.608,102.038,93.171,97.535,88.088,127.812,154.121,100.5,100.34,91.769,93.188,100.419,100.377,103.289,89.725,88.655,82.095,124.758,141.759,93.589,92.01,90.984,87.298,92.238,94.425,98.861,83.625,82.821,92.239,103.192,130.72,92.697,85.458,84.919,79.38,83.68,92.438,91.389,76.579,81.857,68.774,105.671,133.546,86.415,89.71,84.414,83.76,81.882,93.755,98.552,77.54,85.587,82.081,103.113,na,na,na,na,na,na,na,na,na,na,na,na,na,na,na,na,na,na,na,na,na,na,na,na,na,na,na,na,na,na,na,na,na,na,na,na,na,na,na,na,na,na,na,na,na,na,na,na,na,na,na,na,na,na,na,na,na,na,na,na,na,na,na,na,na,na,na,na,na,na,na,na,na,na,na,na,na,na,na,na,na,na,na,na,na,na,na,na,na,na,na,na,na,na,na,na,na,na,na,na,na,na,na,na,na,na,na,na,na,na,na,na,na,na,na,na,na,na,na,na,na,na,na,na,na,na,na,na,na,na,na,na,na,na,na,na,na,na,na,na,na,na,na,na,na,na,na,na,na,na,na,na,na,na,na,na,na,na,na,na,na,na,na,na,na,na,na,na,na,na,na,na,na,na,na,na,na,na,na,na,na,na,na,na,na,na,na,na,na,na,na,na,na,na,na,na,na,na,na,na,na,na,na,na,na,na,na,na,na,na,na,na,na,na,na,na,na,na,na,na,na,na,na,na,na,na,na,na,na,na,na,na,na,na,na,na,na,na,na,na,na,na,na,na,na,na,na,na,na,na,na,na,na,na,na,na,na,na,na,na,na,na,na,na,na,na,na,na,na,na,na,na,na,na,na,na
  Supermarkets & Hypermarkets,111.899,161.879,126.078,117.652,123.992,120.438,128.961,124.136,116.601,121.127,118.009,121.597,129.069,145.788,124.868,114.926,120.184,118.092,125.674,121.804,114.437,121.617,121.016,119.582,108.194,155.234,128.725,117.274,124.147,116.759,124.332,124.57,113.081,124.262,120.349,125.078,112.151,159.937,131.738,123.921,132.897,120.989,131.919,131.425,128.288,138.877,114.804,114.958,126.079,134.939,130.357,116.468,120.485,115.783,126.098,126.57,134.714,156.74,164.799,133.25,111.006,127.533,103.914,94.319,98.295,96.591,103.472,98.484,93.903,100.454,93.946,97.572,95.961,116.626,102.139,92.177,96.449,95.24,101.377,97.259,94.545,99.684,94.738,96.225,110.104,105.967,102.842,93.512,99.315,96.185,102.425,100.711,95.911,100.789,97.513,96.222,88.309,126.266,98.369,89.771,96.46,89.958,98.346,97.888,90.535,98.587,93.8,93.975,98.858,111.048,98.587,92.487,95.715,92.638,101.932,95.735,91.546,98.902,90.932,92.791,106.222,100.818,98.137,91.367,93.2,89.002,96.42,94.989,88.843,93.494,88.495,92.067,78.694,112.989,95.235,87.494,89.517,86.026,94.139,88.71,87.791,89.024,84.747,88.159,92.248,94.151,91.997,82.679,86.702,83.16,89.625,85.522,81.114,84.056,81.719,82.293,75.515,103.585,87.992,78.932,84.505,78.09,86.13,83.28,78.184,84.236,81.081,79.14,73.558,98.521,84.399,77.429,79.519,75.68,81.969,77.661,74.996,80.317,74.299,75.561,81.439,81.587,78.909,73.506,74.999,74.81,78.232,73.177,71.197,76.654,70.429,74.124,63.509,90.165,78.219,70.017,71.748,71.304,74.309,71.46,67.14,70.315,67.148,67.602,68.754,74.137,na,na,na,na,na,na,na,na,na,na,na,na,na,na,na,na,na,na,na,na,na,na,na,na,na,na,na,na,na,na,na,na,na,na,na,na,na,na,na,na,na,na,na,na,na,na,na,na,na,na,na,na,na,na,na,na,na,na,na,na,na,na,na,na,na,na,na,na,na,na,na,na,na,na,na,na,na,na,na,na,na,na,na,na,na,na,na,na,na,na,na,na,na,na,na,na,na,na,na,na,na,na,na,na,na,na,na,na,na,na,na,na,na,na,na,na,na,na,na,na,na,na,na,na,na,na,na,na,na,na,na,na,na,na,na,na,na,na,na,na,na,na,na,na,na,na,na,na,na,na,na,na,na,na,na,na,na,na,na,na,na,na,na,na,na,na,na,na,na,na,na,na,na,na,na,na,na,na,na,na,na,na,na,na,na,na,na,na,na,na,na,na,na,na,na,na,na,na,na,na,na,na,na,na,na,na,na,na,na,na,na,na,na,na,na,na,na,na,na,na,na,na,na,na,na,na,na,na,na,na,na,na,na,na,na,na,na,na,na,na,na,na,na,na,na,na,na,na,na,na,na,na,na,na,na,na,na,na,na,na,na,na,na,na,na,na,na,na,na,na,na,na,na,na,na,na
  Mini-Marts & Convenience Stores,87.271,98.654,84.722,85.589,91.762,93.59,100.862,99.417,90.72,96.755,89.113,96.226,92.729,99.444,93.372,93.854,97.36,96.248,102.567,101.225,97.547,100.35,96.046,99.75,87.853,99.266,101.398,91.883,96.274,91.956,94.52,94.822,91.33,96.511,90.504,94.213,82.4,108.684,99.426,92.184,97.102,92.784,98.344,100.456,96.452,102.094,95.492,99.89,95.938,106.534,103.592,97.937,102.877,98.858,104.473,104.638,104.663,111.804,114.641,106.732,94.981,110.757,98.778,97.799,101.915,98.218,103.75,99.729,95.473,101.502,99.441,101.319,94.664,109.35,95.073,95.193,100.443,97.897,104.906,101.042,97.997,100.599,99.343,99.98,96.866,105.107,96.987,95.365,100.543,98.831,103.442,100.136,97.562,101.764,99.541,100.897,91.034,113.897,102.62,97.683,103.733,101.69,106.485,104.39,97.837,103.28,103.018,104.062,97.371,112.056,101.27,98.998,104.123,98.796,106.681,103.748,97.324,105.642,99.163,102.875,96.374,106.431,102.501,103.89,108.003,104.113,110.096,106.744,100.903,104.498,103.222,107.048,87.219,114.266,104.925,100.856,103.443,101.715,108.12,109.296,103.21,104.253,101.066,104.827,104.664,108.882,103.931,101.583,103.21,101.517,105.818,103.979,99.952,101.308,98.712,100.586,94.39,114.688,101.568,97.839,101.497,99.693,101.902,101.575,94.934,99.434,96.172,96.327,90.449,108.865,98.986,92.657,97.101,94.395,95.369,92.812,85.778,93.261,89.484,91.717,91.967,94.542,96.287,89.556,93.698,95.058,96.255,95.271,93.118,95.296,91.779,91.052,82.939,106.035,99.237,91.884,95.611,95.41,96.516,90.541,86.525,90.968,89.007,86.31,84.427,92.146,86.002,78.845,85.005,86.793,89.051,85.644,87.098,88.205,86.924,80.462,88.604,89.171,82.093,78.571,83.731,80.736,83.176,82.478,75.996,81.242,78.347,81.841,66.819,95.256,78.251,71.483,82.599,75.419,78.153,76.795,71.371,74.072,72.658,77.602,75.386,82.993,76.074,70.802,70.74,67.831,71.928,70.776,69.55,68.284,67.197,67.415,64.868,77.214,71.581,65.323,66.349,63.398,66.19,64.531,62.26,64.043,61.084,64.015,58.667,70.786,70.033,63.986,63.722,60.787,64.093,61.367,60.395,61.063,59.518,59.446,63.71,61.531,65.6,59.527,58.994,58.544,60.211,59.142,57.488,59.171,56.247,58.873,54.049,67.207,64.041,56.662,58.201,55.64,57.379,56.672,55.976,56.622,54.449,54.646,55.988,61.684,60.598,54.41,55.42,52.034,56.886,55.228,53.852,54.7,53.97,54.508,57.596,58.146,58.426,53.808,56.223,55.919,57.741,58.586,56.544,58.069,55.541,56.669,50.299,69.236,59.85,55.56,57.725,53.912,57.285,57.362,54.944,57.287,54.811,55.756,58.378,61.05,58.5,56.113,55.553,53.279,56.326,53.189,52.647,53.349,51.186,52.56,61.96,56.572,57.876,52.301,54.09,53.103,55.045,54.084,53.222,53.797,50.755,53.346,46.761,67.313,58.23,53.222,54.423,51.824,55.688,52.687,49.158,48.696,46.337,54.795,53.91,57.02,54.959,51.817,51.698,51.209,52.372,50.542,49.927,50.182,50.457,51.743,47.286,61.348,56.526,50.557,51.542,48.688,52.477,51.335,48.324,48.583,47.753,48.531,46.559,60.262,52.321,50.244,51.801,46.767,53.67,51.387,48.428,53.047,51.127,51.438,54.811,57.666,54.271,48.383,49.422,49.091,51.849,49.09,49.267,51.915,51.435,50.39,46.906,62.277,53.866,47.683,48.753,48.688,49.125,47.395,47.061,47.566,46.884,46.983,46.133,58.13,54.282,49.994,50.06,49.094,50.461,50.896,49.041,49.493,49.345,50.091,58.716,53.947,55.025,51.616,52.617,52.963,51.235,50.729,50.93,51.47,50.519,51.619,48.575,62.493,51.011,44.081,44.694,44.121,45.813,44.436,40.722,45.351,45.319,46.74,54.052,63.181,54.616,48.694,46.917,47.725,50.355,46.671,42.318,47.091,46.588,46.06,66.383,48.778
  Food & Alcohol,109.773,147.231,144.022,121.575,126.358,113.884,126.681,116.272,113.281,122.701,108.646,123.151,125.458,134.204,131.599,116.216,119.454,114.96,116.31,110.485,108.9,110.611,104.735,106.935,94.063,128.107,125.708,103.626,98.296,94.11,94.487,90.357,83.312,88.78,80.766,69.047,55.062,95.685,83.177,65.073,60.934,61.174,63.178,59.317,57.145,60.1,58.154,56.31,65.8,80.738,72.946,59.732,56.061,59.154,61.846,54.401,49.272,40.701,42.685,59.806,65.777,146.856,107.752,94.674,99.284,95.865,106.377,96.679,88.045,94.865,92.138,97.182,105.551,137.362,108.566,96.367,99.46,97.636,106.317,95.869,87.349,95.573,95.38,100.829,134.52,126.146,111.356,99.721,98.695,96.534,111.993,102.676,88.249,97.287,90,93.084,83.006,127.399,112.535,94.981,100.767,97.761,105.213,97.124,94.096,102.972,93.388,96.811,104.766,119.382,112.619,96.821,98.922,105.185,113.548,106.354,99.982,107.441,101.03,108.723,161.902,119.429,125.092,109.847,111.81,104.27,120.433,109.634,104.858,114.017,107.612,109.045,98.489,206.654,124.635,107.187,107.929,108,115.436,109.816,105.403,108.204,103.859,105.354,148.308,133.866,124.606,105.209,103.797,102.425,108.284,103.347,97.67,100.786,99.062,98.498,95.267,172.317,117.256,100.41,104.127,96.188,104.134,99.558,97.236,97.346,95.515,93.553,98.205,150.978,105.582,95.202,96.678,94.864,97.794,94.735,86.487,92.041,85.464,82.871,140.235,96.059,103.014,86.426,93.065,91.508,92.969,94.989,92.526,88.079,88.825,94.435,85.9,151.704,102.339,87.427,86.83,91.189,97.105,92.085,94.443,90.701,86.027,97.798,114.563,134.764,107.887,91.771,93.09,94.315,93.416,92.452,90.965,91.819,82.384,95.822,141.328,109.665,100.363,85.945,89.076,92.324,91.622,88.436,83.928,91.58,82.74,82.455,76.043,156.99,95.833,82.689,82.106,85.564,87.591,81.322,76.529,82.379,75.304,77.061,106.765,106.123,84.411,67.452,67.249,70.283,70.846,76.101,72.338,71.717,62.183,63.147,61.42,160.704,89.928,72.635,70.2,69.448,77.514,77.159,66.063,53.933,49.856,62.477,55.475,182.384,80.098,68.674,68.031,72.664,77.116,72.774,72.263,69.438,64.156,66.933,123.189,99.712,74.695,66.352,62.937,65.815,65.992,65.696,66.401,63.406,61.097,61.686,59.528,151.074,70.064,65.608,64.046,64.16,65.597,67.046,60.81,60.586,59.248,61.673,76.709,129.972,67.139,62.134,60.887,62.834,65.499,65.805,60.744,60.591,53.826,57.515,108.306,76.69,63.574,56.298,58.66,55.532,55.7,52.771,53.515,55.841,55.731,58.214,55.519,121.268,73.486,62.956,68.197,73.57,81.819,77.361,69.163,74.643,72.922,79.097,89.928,142.336,81.824,72.089,74.583,82.227,77.882,72.572,71.687,78.767,73.698,74.744,129.293,107.088,85.364,80.859,76.111,80.939,81.664,78.284,76.272,77.641,71.606,73.537,62.193,144.983,87.697,81.342,80.698,77.882,77.077,74.583,71.767,79.089,71.365,83.514,93.652,121.328,90.192,78.847,80.295,81.503,75.387,72.572,69.112,72.33,67.02,71.687,66.94,89.87,na,na,na,na,na,na,na,na,na,na,na,na,na,na,na,na,na,na,na,na,na,na,na,na,na,na,na,na,na,na,na,na,na,na,na,na,na,na,na,na,na,na,na,na,na,na,na,na,na,na,na,na,na,na,na,na,na,na,na,na,na,na,na,na,na,na,na,na,na,na,na,na,na,na,na,na,na,na,na,na,na,na,na,na,na,na,na,na,na,na,na,na,na,na,na,na
  Motor Vehicles,75.304,73.297,76.767,64.959,71.53,77.092,74.057,79.466,71.932,75.493,76.888,85.896,62.749,71.849,72.4,61.755,60.399,59.477,63.274,62.486,60.218,63.158,61.513,80.011,61.832,52.327,58.494,54.68,55.782,58.742,59.467,58.259,65.704,61.725,61.892,74.65,51.615,68.374,65.245,62.318,66.227,73.594,64.589,67.204,74.162,68.706,74.033,86.908,60.104,77.721,70.282,71.019,76.175,75.104,78.246,74.521,41.064,13.183,20.493,75.153,66.095,70.495,68.053,67.514,70.849,74.921,69.817,85.438,78.65,91.964,89.037,104.613,65.216,106.098,89.657,86.983,91.774,85.387,87.57,84.167,116.327,99.402,90.044,103.675,68.651,88.384,113.022,102.471,93.611,83.184,100.436,99.255,106.017,108.49,90.765,121.515,83.209,98.026,89.719,95.35,97.351,98.249,97.744,98.977,112.351,106.407,96.981,113.687,76.07,95.992,88.932,81.466,85.051,81.078,74.427,72.3,95.472,78.29,67.808,80.472,50.278,63.603,54.719,51.024,52.557,54.664,51.729,51.406,51.551,53.397,43.343,57.487,40.092,47.745,42.184,36.663,39.186,44.888,36.75,38.471,48.059,67.909,63.32,52.102,43.77,68.755,62.006,63.033,64.835,60.914,62.868,67.182,65.771,65.637,65.041,77.372,72.537,62.2,66.063,70.936,70.846,62.397,59.773,74.359,73.728,65.684,65.194,65.661,41.78,64.017,73.092,67.239,65.33,69.141,66.223,67.147,65.544,56.467,63.775,77.534,66.852,89.338,85.86,83.302,84.452,78.736,84.193,86.189,100.42,92.839,90.596,110.106,108.291,99.501,117.904,99.134,98.916,123.606,95.281,119.714,130.027,121.793,126.061,119.954,101.941,145.584,112.892,106.012,121.695,118.131,109.375,102.106,141.377,124.197,117.696,130.468,114.074,153.804,128.988,135.685,128.109,115.596,105.442,127.346,133.987,133.485,127.256,169.224,99.187,144.969,125.15,118.231,128.214,120.552,109.047,126.386,130.752,114.667,123.247,144.057,91.893,145.009,117.693,118.671,117.556,108.932,101.467,114.53,116.073,107.133,106.559,121.484,113.103,122.029,117.089,101.34,96.546,98.42,89.259,107.709,90.218,105.964,91.731,87.447,64.453,109.556,92.921,77.95,69.845,72.709,75.095,83.319,73.065,65.118,79.528,94.86,65.865,91.611,79.602,79.065,75.163,77.588,90.041,82.347,87.512,88.188,87.447,104.946,75.504,100.628,83.999,86.078,68.728,88.632,79.476,88.728,91.979,74.626,74.559,68.566,42.824,85.759,56.082,59.512,59.374,66.965,58.071,52.639,57.356,45.76,47.746,42.252,29.454,41.076,42.451,39.656,30.278,34.069,34.956,42.151,36.958,37.547,52.688,20.248,28.22,51.439,30.763,32.097,36.414,48.369,37.825,41.705,38.916,39.425,40.981,41.654,20.689,59.434,52.209,42.396,46.912,48.968,42.716,42.376,44.649,47.013,49.085,46.345,53.245,59.718,42.134,53.327,52.584,60.341,51.937,45.526,49.249,50.727,57.606,63.589,39.664,77.631,46.648,56.445,46.56,54.27,46.702,57.439,50.71,50.961,41.516,75.554,44.554,75.452,53.466,50.637,43.904,48.017,52.273,63.197,61.14,53.421,50.9,55.128,40.917,71.994,34.103,33.7,34.319,42.334,36.486,35.031,50.194,39.24,38.559,35.773,26.83,51.308,28.657,40.539,41.437,27.418,32.246,28.626,25.252,27.976,32.71,26.83,32.338,27.295,35.188,19.243,31.5,18.949,20.811,14.667,20.479,15.498,51.633,39.385,34.963,58.064,38.011,29.792,28.97,29.681,27.204,23.366,24.273,27.04,31.344,38.979,38.407,44.543,47.264,27.055,34.536,26.212,26.576,20.579,21.232,22.434,20.009,12.251,18.202,26.771,12.507,13.759,10.155,11.205,11.607,11.098,10.42,9.103,10.055,6.638,2.853,11.564,6.414,4.589,4.669,5.187,5.308,4.786,5.088,3.631,4.606,5.253,7.631,8.685,4.789,4.067,4.594,5.283,5.349,5.244,4.746,6.327,6.318,8.557,12.96,14.27
  Petrol Service Stations,103.192,112.309,103.264,107.647,116.218,112.042,118.03,120.802,107.962,120.493,120.501,121.967,115.386,118.78,108.001,113.812,123.54,123.102,124.309,115.372,107.484,119.406,116.95,120.302,109.49,115.225,112.273,120.381,121.562,123.729,127.752,137.544,141.872,146.44,136.255,140.592,106.374,126.33,120.471,110.903,110.62,108.546,109.976,111.127,97.068,100.451,109.439,113.449,97.516,100.657,97.659,91.565,95.143,88.775,88.89,83.247,67.505,47.031,53.655,95.749,96.726,108.585,102.811,105.068,108.603,107.082,108.416,109.752,101.584,112.51,107.92,109.586,94.982,107.857,97.571,104.679,115.773,110.722,112.15,112.869,104.743,110.972,108.098,109.989,102.355,107.393,97.982,101.544,103.887,99.418,101.574,102.548,95.846,101.972,99.591,103.329,92.484,99.826,93.993,93.258,96.76,91.076,92.771,94.246,86.677,91.064,88.142,92.766,80.659,93.052,96.117,94.265,101.165,96.213,102.92,109.099,100.874,106.953,97.846,100.84,87.29,94.831,102.487,111.999,121.412,124.117,128.682,130.431,121.077,128.135,124.345,128.223,110.446,130.787,118.035,118.66,124.706,123.247,126.716,127.922,115.778,120.373,118.761,125.286,113.485,123.05,113.057,112.463,123.115,121.179,122.439,118.023,112.178,123.621,124.88,129.627,118.97,121.705,115.083,115.166,118.998,115.668,117.102,121.63,110.522,117.27,118.764,117.051,99.696,111.123,100.593,95.076,100.82,97.368,101.523,102.448,94.665,103.766,102.23,103.54,93.777,101.908,92.985,91.799,95.804,95.068,99.078,95.93,90.971,91.536,87.221,88.072,80.774,87.809,85.277,91.692,106.577,107.87,114.985,125.502,113.562,117.644,110.058,109.283,99.398,106.988,100.925,98.296,100.645,94.826,96.997,94.532,88.783,89.679,80.278,79.28,67.364,77.708,76.975,76.585,81.855,82.958,89.264,89.983,83.725,88.05,83.391,83.275,73.483,82.118,77.115,77.744,84.381,81.291,81.102,75.98,69.795,72.994,70.66,69.485,63.458,70.942,69.256,67.607,72.194,72.36,73.36,72.242,67.534,71.703,67.836,68.855,64.063,68.26,64.378,62.522,63.592,61.258,63.515,64.617,61.291,62.829,59.798,67.761,56.655,66.462,61.749,61.816,65.344,63.704,65.044,64.908,59.266,63.6,62.696,63.543,56.317,63.635,61.577,63.228,68.164,66.486,71.312,73.142,69.214,73.465,71.439,75.083,66.587,75.145,74.401,73.806,74.579,77.648,75.857,73.994,68.56,71.267,70.993,71.81,65.724,68.657,67.907,67.47,66.478,65.664,63.715,65.835,63.239,64.905,62.053,62.414,57.025,59.106,59.879,63.946,67.318,64.937,69.099,71.406,69.791,69.97,70.185,73.533,66.818,74.637,70.154,67.249,70.676,69.579,68.887,71.353,65.743,69.235,68.995,67.775,65.289,75.577,72.303,72.499,73.111,70.908,72.584,74.864,67.166,71.123,70.032,68.289,64.242,67.937,65.92,66.749,66.417,68.267,67.859,67.801,65.647,67.044,62.903,67.495,56.286,66.389,65.828,64.612,65.644,65.241,68.349,62.411,63.114,62.819,63.24,64.619,57.728,62.765,67.102,63.869,63.501,63.177,63.086,65.498,61.916,63.429,62.702,63.977,57.756,64.147,61.906,60.515,63.529,63.645,64.63,66.543,59.704,61.326,60.921,63.066,55.472,62.022,58.196,58.313,58.022,58.139,59.124,59.124,56.921,59.704,58.428,57.559,55.878,56.226,55.268,56.083,63.014,56.56,57.007,49.477,47.842,51.511,48.91,52.23,48.447,51.399,50.063,47.644,48.012,45.577,47.859,46.987,45.155,43.988,40.223,40.294,36.895,38.181,34.614,33.963,35.251,37.501,37.501,37.022,37.744,36.861,37.147,38.012,37.786,36.012,41.825,38.766,42.174,39.886,37.98,42.397,37.171,39.665,37.945,38.287,33.114,35.726,37.649,33.063,34.831,34.358,40.608,35.132,33.93,35.661,35.465,36.739,41.329,46.191,47.471,45.404,46.596,45.269,52.588,51.169,48.875,53.957,52.588,49.177,44.781,49.195
"  Cosmetics, Toiletries & Medical Goods",93.588,108.592,120.001,105.947,99.02,101.439,99.659,96.563,98.039,100.589,91.131,102.527,91.058,98.649,118.259,103.481,95.422,98.63,97.057,97.687,96.914,97.563,95.626,100.184,82.549,98.212,118.317,101.165,95.445,89.456,91.093,94.666,89.453,85.828,81.788,94.056,80.971,94.515,101.689,84.769,76.698,78.645,72.914,74.367,70.357,71.742,69.488,74.101,68.746,79.824,87.687,77.134,69.892,72.743,75.76,73.604,70.048,52.528,52.691,84.95,84.831,117.472,130.733,105.13,99.81,104.24,108.579,104.314,104.099,102.276,96.573,108.25,95.204,116.23,124.881,105.208,100.305,100.577,104.537,102.604,102.008,103.661,98.205,105.258,106.27,105.278,122.082,98.406,97.012,97.34,101.839,98.75,96.467,97.458,90.086,98.338,91.698,110.522,117.55,93.558,93.549,93.788,94.769,92.794,92.824,92.028,86.325,95.083,90.231,99.893,106.917,89.6,93.247,91.869,95.169,88.577,89.997,90.05,84.066,90.022,87.319,84.822,102.846,82.157,83.701,90.071,85.981,80.631,92.783,81.702,81.948,93.769,79.656,96.61,98.381,81.398,80.648,85.142,78.946,78.079,89.964,81.032,77.529,87.344,87.442,85.773,91.624,80.388,79.714,81.773,77.462,76.903,84.66,79.029,76.239,84.482,77.47,84.608,86.387,72.337,75.26,75.446,70.559,71.298,70.385,72.617,69.215,76.539,61.112,79.53,76.506,67.291,68.473,69.245,64.999,65.495,68.996,65.978,61.925,69.509,59.635,65.032,68.224,58.848,58.61,59.627,59.945,59.256,62.475,60.963,56.726,60.104,52.2,66.517,66.594,54.924,55.228,56.63,54.557,54.089,57.75,58.341,53.77,54.996,48.354,67.308,59.729,49.577,50.013,50.391,48.627,48.679,57.7,54.395,46.72,51.668,50.65,55.446,55.745,48.269,47.009,49.86,47.442,48.816,50.997,51.313,46.328,50.275,39.826,60.605,55.501,45.23,46.379,47.031,45.827,46.148,45.686,43.644,41.641,46.263,39.543,54.785,52.14,41.189,41.587,44.83,40.781,41.211,47.939,42.279,40.043,47.014,38.516,43.439,50.004,36.653,37.693,41.232,38.219,38.05,42.811,37.16,39.064,44.018,33.15,43.289,45.009,35.959,41.413,39.532,34.005,34.664,38.45,35.227,34.899,40.897,34.636,40.245,43.608,34.383,34.802,37.022,34.375,35.423,39.906,35.329,34.479,38.89,33.726,39.618,43.417,34.078,34.192,36.889,33.39,33.818,39.423,34.398,34.609,37.683,30.093,42.522,40.376,33.682,33.68,34.372,31.96,32.445,35.65,33.226,30.401,33.088,28.996,32.271,34.699,29.44,30.327,32.867,30.423,30.168,31.089,29.357,28.652,32.472,26.89,31.789,35.222,28.8,30.269,32.923,31.464,34.4,32.12,30.793,31.285,35.052,27.379,34.533,35.542,30.868,31.283,31.764,30.163,30.515,29.426,28.882,28.274,31.572,28.53,30.995,32.821,28.946,28.69,30.195,30.675,30.451,30.868,29.074,27.633,31.796,25.424,30.451,32.18,26.961,26.897,29.202,27.89,29.042,26.993,25.488,24.335,33.493,25.008,31.027,29.715,25.648,25.552,26.897,24.015,26.289,24.816,23.887,23.375,25.808,22.702,23.599,na,na,na,na,na,na,na,na,na,na,na,na,na,na,na,na,na,na,na,na,na,na,na,na,na,na,na,na,na,na,na,na,na,na,na,na,na,na,na,na,na,na,na,na,na,na,na,na,na,na,na,na,na,na,na,na,na,na,na,na,na,na,na,na,na,na,na,na,na,na,na,na,na,na,na,na,na,na,na,na,na,na,na,na,na,na,na,na,na,na,na,na,na,na,na,na
  Wearing Apparel & Footwear,104.578,147.285,142.062,126.681,117.617,107.487,117.165,117.962,113.861,121.246,110.697,124.838,128.124,135.292,152.074,131.228,119.276,117.476,124.831,130.93,125.702,129.596,130.753,123.06,112.974,152.496,162.394,127.274,117.296,109.23,117.41,122.806,120.087,123.169,114.409,97.074,81.525,122.741,130.647,94.621,75.692,71.395,71.198,72.613,63.121,61.871,77.219,76.341,83.932,94.868,110.078,82.985,72.075,66.694,72.476,71.614,38.746,11.336,14.223,57.803,63.239,135.521,142.739,107.56,97.931,92.538,103.087,100.693,105.476,96.577,93.61,97.097,105.293,128.976,139.615,103.653,93.536,88.229,98.277,100.802,100.492,95.686,87.829,92.46,120.967,113.62,140.198,99.9,95.064,86.071,93.316,99.071,99.672,90.2,89.842,87.632,84.666,134.367,135.587,98.183,91.191,81.181,89.03,95.852,93.744,93.864,86.268,89.961,101.316,120.25,138.489,102.702,94.607,83.276,98.938,98.099,98.454,96.167,87.965,91.699,115.933,117.275,143.281,103.471,96.804,89.695,97.307,100.544,102.998,96.893,92.518,98.735,95.946,138.731,151.981,107.686,99.639,91.906,105.342,106.777,107.925,98.053,93.168,98.534,112.919,132.001,150.639,107.125,101.199,93.205,104.686,109.779,107.327,97.447,95.891,97.052,91.188,143.851,153.693,103.279,100.007,89.84,98.528,111.027,105.849,97.816,94.355,90.746,88.358,141.165,145.135,105.374,96.593,87.172,88.85,102.217,93.722,93.236,84.78,84.673,102.435,117.696,125.998,90.95,84.842,84.764,91.548,94.918,94.133,85.112,74.848,81.585,68.496,118.042,123.986,86.613,78.438,84.964,88.99,93.937,96.173,92.822,79.293,95.015,86.29,124.222,128.988,93.89,87.798,81.556,78.963,90.985,93.743,85.412,80.061,85.215,92.479,106.58,112.353,79.032,72.045,70.154,72.502,85.193,81.257,75.224,75.942,73.268,67.268,117.068,116.308,70.504,71.768,63.841,61.003,73.698,73.545,69.504,60.765,68.603,66.43,99.516,103.24,69.587,63.642,56.531,61.444,71.239,68.854,61.277,57.256,57.124,58.592,85.393,99.36,67.641,60.954,53.091,57.622,58.193,59.119,46.958,39.578,54.511,56.867,96.742,104.942,72.419,60.768,57.292,61.318,65.594,62.511,60.85,54.199,62.601,70.222,79.759,105.779,64.3,60.679,55.057,63.642,68.686,67.528,61.406,58.83,63.1,60.098,94.33,100.772,66.798,61.788,59.918,66.564,69.32,62.033,57.942,57.554,61.319,68.931,94.266,92.089,65.39,60.791,56.629,61.326,62.01,64.202,62.053,52.089,60.781,68.04,78.538,78.326,54.922,50.936,49.738,49.739,54.185,61.147,52.315,45.594,51.3,49.127,85.375,83.848,60.097,53.889,56.246,58.831,69.54,63.371,54.332,53.684,60.673,65.193,88.62,96.169,68.701,67.484,65.499,61.85,66.524,63.387,54.615,53.527,69.981,74.592,76.192,87.077,65.628,61.722,62.875,61.146,64.539,59.289,60.826,59.097,66.972,60.377,97.77,93.8,70.878,65.948,63.707,63.579,73.311,59.609,61.018,53.783,74.271,71.39,80.61,91.815,63.579,63.899,64.283,59.481,64.155,61.21,57.88,52.182,65.499,52.758,81.635,na,na,na,na,na,na,na,na,na,na,na,na,na,na,na,na,na,na,na,na,na,na,na,na,na,na,na,na,na,na,na,na,na,na,na,na,na,na,na,na,na,na,na,na,na,na,na,na,na,na,na,na,na,na,na,na,na,na,na,na,na,na,na,na,na,na,na,na,na,na,na,na,na,na,na,na,na,na,na,na,na,na,na,na,na,na,na,na,na,na,na,na,na,na,na,na
  Furniture & Household Equipment,87.016,113.809,136.456,123.777,110.226,105.609,108.801,107.336,106.101,110.803,107.705,112.026,91.899,115.194,141.962,120.714,104.442,102.908,108.847,112.119,108.109,109.645,111.299,111.733,92.591,109.689,153.927,128.725,113.048,108.093,111.508,112.102,108.101,111.035,113.447,117.977,88.043,127.266,137.41,129.763,110.198,103.149,102.278,101.553,107.065,105.117,95.429,101.496,85.694,121.204,133.542,120.528,101.647,97.76,106.281,103.879,74.887,38.144,57.014,98.994,76.374,93.958,110.261,94.618,89.963,86.854,87.577,94.78,95.222,100.086,90.078,96.963,71.322,115.481,120.482,106.116,100.13,95.743,97.548,103.453,112.716,107.122,95.67,101.23,84.54,115.644,125.99,103.512,97.485,93.719,98.361,101.379,112.343,96.825,89.517,96.519,78.567,105.783,122.482,98.676,95.274,96.058,92.654,107.83,110.979,99.634,92.909,95.506,78.233,119.564,119.593,100.759,96.329,95.15,98.304,110.033,104.513,96.838,95.124,91.995,89.485,119.196,125.751,100.909,102.2,97.537,95.448,116.642,109.112,98.333,97.923,99.5,81.185,120.569,131.594,105.641,104.282,103.482,107.656,113.361,109.647,98.963,101.354,106.073,90.366,124.93,136.691,109.837,111.4,106.817,114.018,113.395,113.056,110.076,104.739,115.017,98.003,123.96,137.07,108.992,111.384,104.783,111.673,113.772,110.506,111.384,103.242,109.171,87.362,126.646,135.202,111.104,106.347,108.173,109.871,109.904,107.692,105.913,102.895,105.12,82.033,118.584,119.599,99.19,97.213,105.204,97.083,106.275,100.662,97.405,92.672,93.714,79.163,98.982,116.724,92.626,100.499,107.685,96.903,109.643,105.354,104.149,100.135,119.692,92.253,126.913,129.826,101.188,105.067,98.898,91.228,99.06,123.906,103.135,99.103,103.914,90.591,114.917,125.329,92.067,97.531,88.673,82.144,87.892,84.461,91.967,85.553,89.702,76.774,102.013,113.389,91.47,95.904,82.45,80.015,90.091,84.413,85.969,83.877,90.688,73.195,99.091,109.624,89.984,82.345,74.238,77.604,82.901,80.542,75.106,74.264,75.038,67.482,85.659,106.201,85.128,76.691,65.877,69.225,70.574,71.241,69.252,67.88,68.649,58.468,85.418,108.888,91.945,78.94,71.611,71.716,86.146,75.179,74.723,71.371,75.111,64.601,93.66,105.691,88.789,73.891,70.334,73.9,78.133,75.468,71.877,68.407,70.071,64.261,85.434,108.156,85.972,81.75,76.904,71.718,87.208,78.075,76.211,75.867,82.315,67.754,105.525,99.285,81.051,78.691,75.411,71.964,84.169,79.194,72.593,69.43,68.257,66.912,100.092,100.748,73.7,67.686,63.059,68.431,70.658,69.509,73.989,64.752,72.544,61.235,94.92,92.761,82.198,71.175,70.962,67.976,74.402,81.916,68.166,61.415,68.068,57.813,97.059,95.326,78.444,64.23,66.263,57.464,68.477,65.415,62.139,56.285,60.003,61.443,81.461,83.023,63.858,58.321,59.673,57.893,59.152,61.224,56.331,47.125,60.618,52.686,73.288,74.021,52.595,60.533,57.755,49.469,54.074,52.161,44.372,42.802,91.217,58.77,79.981,81.551,60.702,62.003,55.606,56.679,59.751,50.368,55.373,48.332,62.336,50.076,61.727,64.935,56.896,54.984,57.176,51.61,53.241,53.635,51.217,57.402,62.293,49.812,68.646,72.019,58.3,59.594,52.398,51.555,55.153,54.76,57.233,54.085,53.242,44.809,61.282,74.551,53.659,53.92,49.065,49.47,48.9,46.691,52.624,50.79,51.302,47.737,55.726,68.563,61.642,46.879,45.208,52.803,44.852,44.82,47.596,47.367,47.973,36.109,49.324,54.249,46.49,47.513,46.863,46.598,45.111,44.476,46.077,45.721,45.519,39.766,47.894,50.345,46.495,46.058,43.175,46.294,44.007,48.487,44.56,41.364,44.909,41.993,44.631,44.92,36.436,43.098,36.187,31.075,40.395,43.461,42.054,37.03,42.874,44.054,53.154,55.926,45.89,41.592,43.338,41.52,45.638,50.684,60.508,53.349,55.248,55.4,68.417
  Recreational Goods,94.817,110.462,143.139,116.895,107.694,101.804,112.678,104.166,108.433,104.948,98.032,110.444,103.183,109.443,143.55,113.545,105.98,104.855,113.369,111.026,117.21,108.37,106.33,106.223,97.005,115.809,162.517,127.314,115.923,108.13,110.23,115.228,117.053,117.558,104.684,103.759,86.401,105.236,150.653,108.833,94.159,91.479,98.451,95.477,92.04,86.575,96.898,105.618,87.994,100.411,149.957,113.211,99.2,95.958,104.716,100.774,60.104,27.743,35.243,82.762,75.494,93.002,134.896,100.815,90.306,89.335,101.077,97.027,96.275,95.28,93.611,102.339,83.734,94.59,132.097,101.875,92.769,96.332,103.182,100.986,99.417,94.827,94.697,103.217,87.644,92.434,140.3,101.867,94.98,93.869,98.239,98.526,91.844,96.181,95.712,100.942,89.89,97.65,131.611,92.837,94.378,91.881,93.18,98.092,88.483,99.574,95.329,94.458,87.632,98.893,127.515,91.604,89.345,86.121,105.483,103.556,100.201,100.605,92.709,99.498,90.701,97.674,129.715,98.164,101.974,94.64,104.86,99.725,102.892,114.134,97.294,107.16,97.069,115.048,143.587,102.632,102.301,103.236,121.241,108.889,119.538,112.168,108.277,111.713,103.331,103.149,145.2,100.471,101.962,102.342,111.307,109.347,118.726,113.583,108.274,107.306,102.582,110.411,150.31,99.495,104.222,97.367,105.824,113.681,114.098,111.3,108.879,103.281,95.704,113.024,152.518,94.493,96.173,96.489,100.871,108.136,108.786,108.949,100.224,104.92,97.994,103.74,145.721,100.055,96.808,96.231,99.54,105.032,107.654,105.944,96.386,99.935,89.025,100.25,139.347,97.26,94.819,92.056,100.904,102.386,112.844,112.997,96.305,102.748,95.42,97.972,148.418,111.62,101.121,95.648,105.786,103.74,122.592,110.104,100.015,103.781,92.771,98.823,143.04,98.285,95.718,90.335,94.417,98.197,96.23,100.838,99.874,98.646,88.506,100.03,137.645,99.87,99.697,93.021,97.1,99.521,97.828,92.256,93.493,91.751,89.921,99.625,129.171,91.627,83.709,88.87,83.052,90.456,94.464,86.383,80.193,80.228,80.328,85.751,138.398,90.808,83.886,68.824,80.699,79.712,88.066,72.223,63.983,72.658,67.431,81.756,121.098,85.342,80.944,74.4,78.676,84.835,85.83,82.124,77.17,84.327,71,77.47,122.626,85.851,77.053,79.005,85.786,89.62,93.527,90.801,82.694,89.206,74.413,88.727,142.154,93.53,88.771,82.377,83.17,88.761,99.484,91.35,87.354,92.549,82.042,91.476,131.367,94.173,87.192,81.819,84.733,93.84,91.091,81.012,84.079,86.876,72.86,75.309,107.511,72.146,73.801,67.831,72.753,82.625,75.191,73.445,78.559,74.936,72.423,83.888,117.251,83.92,78.437,78.387,83.052,98.77,92.559,84.034,88.381,95.031,85.3,99.355,122.003,95.976,94.168,87.571,76.275,78.353,77.721,63.803,72.66,69.768,61.905,80.251,97.151,74.286,68.141,65.882,67.599,64.617,63.984,66.695,65.611,70.852,70.31,83.956,111.972,82.059,78.172,78.986,78.534,94.349,79.528,72.841,77.63,112.514,76.275,98.235,121.371,89.65,92.542,91.548,89.74,90.915,104.019,96.789,100.675,101.489,90.463,107.092,na,na,na,na,na,na,na,na,na,na,na,na,na,na,na,na,na,na,na,na,na,na,na,na,na,na,na,na,na,na,na,na,na,na,na,na,na,na,na,na,na,na,na,na,na,na,na,na,na,na,na,na,na,na,na,na,na,na,na,na,na,na,na,na,na,na,na,na,na,na,na,na,na,na,na,na,na,na,na,na,na,na,na,na,na,na,na,na,na,na,na,na,na,na,na,na
  Watches & Jewellery,133.575,144.139,165.098,139.203,142.669,116.227,134.776,125.214,122.481,145.419,121.564,132.286,129.876,123.961,176.954,136.208,134.623,117.117,131.448,124.387,124.552,135.409,122.474,114.47,110.549,117.417,166.652,119.424,127.579,117.691,120.608,121.611,117.171,131.804,116.002,111.587,108.986,123.842,140.636,104.508,98.227,86.325,91.945,85.522,74.817,80.566,91.545,96.477,99.765,94.379,110.881,90.625,76.38,76.435,85.272,77.396,41.883,3.677,12.255,60.192,73.549,102.613,123.301,97.887,100.609,90.853,96.62,97.041,90.655,106.24,94.041,94.94,99.026,101.359,112.896,96.314,93.681,95.03,105.828,103.163,95.086,101.179,95.993,98.861,108.625,96.865,119.74,94.414,99.569,88.88,98.885,100.377,100.964,100.022,95.218,93.526,100.195,108.212,125.787,92.841,95.659,84.627,96.818,94.844,87.007,98.012,83.831,90.174,103.469,108.102,124.882,99.404,93.968,89.701,110.895,105.268,88.26,101.48,93.483,96.752,111.052,117.789,123.702,100.096,101.71,91.652,98.623,93.878,90.35,101.249,92.326,95.638,109.944,116.441,123.473,94.806,96.003,91.571,101.32,102.085,100.018,111.857,109.751,99.042,107.433,104.308,131.368,97.865,99.89,92.047,99.888,98.432,96.328,104.444,102.787,97.858,98.399,111.525,131.297,96.084,103.186,93.81,102.002,103.079,106.32,106.819,99.009,89.05,92.548,103.012,117.754,90.159,90.946,86.089,82.228,80.775,80.739,86.014,76.72,77.592,79.462,84.021,107.943,78.89,79.535,78.087,74.149,68.858,65.719,69.742,66.63,60.267,70.638,70.98,92.485,70.05,85.118,75.43,82.171,73.873,76.227,84.77,70.568,81.619,78.943,88.266,106.854,87.939,84.115,76.997,72.671,71.526,96.944,79.614,70.591,72.002,78.003,79.463,101.942,76.109,78.251,65.866,68.539,66.997,64.169,82.536,67.528,65.139,69.99,77.963,96.651,73.205,78.02,69.33,67.475,69.537,68.423,71.166,66.451,72.822,68.849,79.344,86.482,75.99,69.795,64.481,56.863,60.439,63.064,63.552,59.532,57.14,65.968,64.868,85.815,72.507,67.295,57.751,53.245,58.713,68.327,48.528,40.428,56.451,42.662,53.116,75.88,56.462,56.832,49.533,51.488,60.745,54.076,60.53,54.574,52.248,50.762,59.277,77.291,58.159,50.726,47.316,50.009,57.716,53.473,63.687,49.691,51.344,56.224,55.271,71.54,70.504,52.157,50.657,50.604,52.858,47.034,61.749,46.932,50.47,50.333,55.645,69.825,58.867,52.218,55.436,53.484,53.457,58.294,54.58,46.105,52.092,52.978,54.763,66.073,56.156,48.156,46.94,43.777,50.122,40.835,48.532,47.238,48.992,49.369,63.564,71.924,74.722,59.429,61.699,68.136,87.278,53.399,62.235,61.677,65.541,75.416,78.128,81.685,70.552,61.537,58.6,51.292,56.141,49.312,56.893,52.18,59.83,70.552,69.118,76.699,66.181,64.337,60.444,55.39,56.961,52.317,61.059,50.131,56.483,55.39,76.836,76.699,65.84,59.83,63.586,56.483,52.863,45.419,54.707,42.004,114.264,69.05,77.929,85.92,68.777,68.299,63.449,59.283,61.742,62.562,71.031,65.293,75.197,77.109,101.833,na,na,na,na,na,na,na,na,na,na,na,na,na,na,na,na,na,na,na,na,na,na,na,na,na,na,na,na,na,na,na,na,na,na,na,na,na,na,na,na,na,na,na,na,na,na,na,na,na,na,na,na,na,na,na,na,na,na,na,na,na,na,na,na,na,na,na,na,na,na,na,na,na,na,na,na,na,na,na,na,na,na,na,na,na,na,na,na,na,na,na,na,na,na,na,na
  Computer & Telecommunications Equipment,103.919,104.21,145.962,134.898,141.849,146.791,104.547,103.806,100.894,106.222,100.673,122.956,99.664,107.699,163.418,147.379,154.882,148.767,109.441,106.688,107.024,107.904,102.924,130.993,109.577,113.611,161.996,145.469,163.416,165.125,98.474,101.586,99.864,103.292,105.408,136.284,87.437,108.239,157.608,147.104,158.481,132.829,91.208,94.969,98.251,98.327,89.494,107.987,80.113,100.46,147.38,156.816,90.811,80.403,88.068,90.946,86.226,58.761,74.845,89.278,69.253,80.212,116.611,121.607,110.988,109.066,78.125,71.589,70.85,72.766,76.789,86.562,70.086,86.276,124.298,118.576,111.196,95.606,78.368,76.831,76.247,77.043,81.871,90.144,73.004,98.741,152.853,136.28,96.47,102.487,81.402,84.479,86.654,83.455,87.819,98.386,89.06,100.655,127.289,119.333,121.87,110.837,83.688,82.548,86.659,84.642,88.31,101.547,86.74,100.731,140.094,135.064,131.577,121.006,102.936,99.069,107.731,102.621,114.889,119.84,103.924,143.832,197.375,148.223,164.172,123.889,102.72,94.84,115.445,108.388,110.8,123.587,104.131,121.173,158.943,140.454,124.938,121.505,106.172,111.714,131.819,127.258,110.573,128.233,117.33,123.821,166.531,157.501,145.93,144.151,114.402,122.139,144.098,118.867,123.224,143.798,110.2,131.589,185.312,164.267,135.204,126.97,114.899,125.122,129.093,114.035,111.491,131.673,103.698,122.723,146.347,128.345,110.388,136.422,117.599,97.114,100.24,101.178,103.988,132.182,99.341,119.118,144.147,116.192,112.042,114.824,103.492,105.844,109.052,99.143,98.914,128.337,92.036,94.11,121.809,112.214,105.751,121.402,120.199,100.868,96.814,96.89,102.375,128.19,93.994,107.789,131.186,107.538,101.174,108.539,95.276,98.663,118.292,97.519,97.64,110.019,78.01,87.244,114.88,87.041,84.093,96.872,86.867,93.001,93.646,99.627,96.883,103.545,89.454,89.006,102.075,85.469,86.132,91.923,94.643,90.674,93.805,84.997,91.116,100.061,78.329,104.28,107.478,85.784,74.221,77.737,83.968,85.895,98.472,85.134,86.035,99.307,89.132,87.795,97.347,84.678,77.203,77.418,82.746,84.635,85.798,97.325,88.752,95.51,78.856,87.632,117.767,85.632,90.311,71.278,84.014,87.466,85.144,86.686,76.672,84.801,66.86,87.663,100.774,74.632,72.218,75.969,92.637,89.153,99.492,87.968,90.779,123.97,104.372,140.394,124.056,93.871,95.962,108.044,103.197,108.12,112.843,114.279,110.556,137.81,94.868,84.917,93.666,81.521,79.758,78.265,81.746,79.114,82.727,81.681,81.337,85.896,65.51,64.97,69.003,61.379,67.541,62.048,74.394,70.168,84.69,69.387,86.45,113.095,86.262,69.664,97.839,97.057,118.921,106.041,112.478,126.766,108.951,107.7,107.573,113.072,86.222,143.794,103.682,99.591,102.907,104.676,102.687,109.429,126.672,109.319,104.676,106.113,83.453,101.802,107.881,93.291,76.158,82.901,85.554,82.127,70.079,86.438,78.259,73.726,59.578,54.162,64.22,55.047,44.766,45.761,54.052,45.54,40.455,29.402,38.355,53.941,39.24,32.055,31.17,26.528,37.361,26.971,24.207,39.572,43.771,22.77,30.176,34.598,27.302,23.544,na,na,na,na,na,na,na,na,na,na,na,na,na,na,na,na,na,na,na,na,na,na,na,na,na,na,na,na,na,na,na,na,na,na,na,na,na,na,na,na,na,na,na,na,na,na,na,na,na,na,na,na,na,na,na,na,na,na,na,na,na,na,na,na,na,na,na,na,na,na,na,na,na,na,na,na,na,na,na,na,na,na,na,na,na,na,na,na,na,na,na,na,na,na,na,na
  Optical Goods & Books,70.101,79.057,109.034,88.214,69.429,70.456,74.85,71,67.718,72.672,70.744,75.45,65.857,80.467,113.214,91.649,73.762,72.046,77.461,77.742,77.394,78.018,75.07,77.48,73.025,82.674,124.174,95.271,73.455,69.295,77.232,74.259,71.388,73.208,70.031,72.789,60.888,80.54,119.429,89.811,62.679,62.664,68.3,68.202,62.564,63.756,70.952,78.471,66.394,85.773,124.533,98.969,75.556,69.843,76.993,75.436,53.455,16.403,35.404,75.782,75.119,90.432,136.15,103.654,86.125,84.545,93.834,93.874,85.169,88.007,89.31,93.26,78,103.145,137.885,104.603,92.503,85.57,95.46,93.787,85.559,92.608,93.425,98.907,83.876,105.113,142.115,109.605,94.091,88.108,98.033,98.425,87.816,94.464,94.584,98.594,92.166,101.998,131.635,102.338,92.406,89.088,99.907,104.057,94.109,100.436,100.785,91.555,91.424,121.742,130.555,103.811,93.997,90.56,104.494,108.493,99.664,108.319,108.548,106.256,96.402,122.754,137.629,111.857,105.159,100.03,116.188,112.551,110.275,116.649,110.883,107.378,103.863,120.667,145.956,119.269,104.603,103.084,108.502,115.173,109.131,109.163,111.03,116.953,97.722,119.323,142.987,108.392,99.173,98.341,101.653,107.858,106.109,102.551,105.724,111.543,105.477,116.64,143.777,113.556,102.427,95.241,101.137,109.59,106.831,109.629,111.775,117.388,102.873,125.504,148.168,118.346,106.312,102.087,107.035,114.246,110.985,114.739,110.114,115.021,95.372,125.708,138.122,110.643,106.114,103.473,107.91,106.203,105.937,103.847,103.377,112.307,105.131,109.345,137.826,112.96,111.21,108.749,112.801,113.261,111.099,106.654,104.234,122.431,95.842,115.509,141.634,112.629,109.2,107.423,110.198,107.52,109.869,106.134,111.34,110.065,86.564,111.851,129.633,102.206,99.808,105.04,104.411,99.313,94.302,96.765,93.182,99.024,95.193,98.174,128.399,97.96,101.35,98.813,108.287,109.455,102.529,93.5,101.509,106.006,84.06,105.597,137.629,97.292,86.15,87.644,93.388,96.264,104.841,94.331,94.751,103.171,95.085,101.346,138.569,102.163,87.542,90.113,95.289,102.521,106.89,84.534,77.541,96.92,81.556,102.767,133.922,104.561,84.893,85.561,92.706,96.653,90.765,90.636,85.046,98.699,76.447,104.686,125.584,93.523,78.588,78.926,87.444,90.295,87.189,86.004,84.445,96.364,88.889,95.752,120.878,96.372,84.07,89.907,88.323,92.617,85.621,87.223,84.721,91.253,78.411,96.963,111.854,95.114,80.283,80.01,84.442,78.677,80.902,79.57,72.58,81.602,64.265,87.782,102.398,82.086,70.959,69.815,73.406,70.536,72.464,73.653,71.088,84.205,75.27,81.105,105.673,87.019,77.568,81.861,82.727,84.189,82.27,81.457,80.756,93.802,73.441,91.383,109.199,89.523,74.276,74.787,78.45,80.58,76.661,78.279,74.957,82.794,66.014,83.561,101.022,80.068,67.803,67.121,69.847,74.872,66.099,69.932,67.121,74.02,63.118,71.294,94.889,75.383,66.099,66.099,64.906,69.421,64.14,62.947,56.304,77.939,58.347,73.424,93.441,69.421,57.581,60.137,59.54,60.137,58.943,57.666,55.026,58.943,55.536,61.84,na,na,na,na,na,na,na,na,na,na,na,na,na,na,na,na,na,na,na,na,na,na,na,na,na,na,na,na,na,na,na,na,na,na,na,na,na,na,na,na,na,na,na,na,na,na,na,na,na,na,na,na,na,na,na,na,na,na,na,na,na,na,na,na,na,na,na,na,na,na,na,na,na,na,na,na,na,na,na,na,na,na,na,na,na,na,na,na,na,na,na,na,na,na,na,na
  Others,88.834,86.834,99.036,90.883,93.399,89.289,84.998,88.565,86.232,97.466,87.99,87.702,84.642,96.93,100.422,89.153,85.587,85.157,91.302,89.497,89.653,94.299,87.361,89.4,83.545,92.813,101.166,89.917,92.424,89.088,85.724,91.447,87.469,87.762,83.649,80.295,67.114,85.934,89.448,78.162,75.199,76.176,73.231,78.084,73.1,70.511,78.071,81.024,73.158,85.06,91.757,82.638,81.26,78.128,82.283,85.251,57.723,29.366,38.354,87.077,88.962,94.037,104.532,100.523,101.394,100.635,101.28,102.37,98.707,104.275,95.884,99.784,88.945,108.365,111.735,105.722,107.106,104.067,105.348,102.077,101.186,101.993,100.467,99.385,91.919,103.152,108.907,102.047,102.757,102.518,100.53,97.455,96.762,100.566,91.365,99.698,97.981,99.415,111.412,100.533,99.244,100.362,99.733,100.502,99.997,98.708,95.31,102.023,89.97,106.515,105.341,93.802,96.69,95.499,95.367,93.335,89.718,96.623,94.172,91.827,91.078,98.238,97.357,91.077,92.316,85.009,90.312,86.659,83.805,83.76,83.029,84.942,77.636,100.413,98.765,89.047,91.074,90.759,94.672,94.228,92.046,93.86,93.532,99.421,82.011,96.326,97.856,90,88.016,89.468,96.557,90.78,90.5,89.763,91.239,95.786,90.254,96.425,102.973,90.188,91.768,89.92,92.182,92.6,91.362,86.114,87.607,93.631,75.503,100.832,98.831,90.261,86.2,87.557,83.248,87.478,85.409,81.888,78.985,83.852,80.192,85.697,93.168,81.409,84.757,83.504,82.475,86.683,80.943,78.903,79.917,83.325,70.367,85.12,92.988,85.167,93.48,97.449,88.477,94.375,89.504,93.176,90.576,86.279,78.83,100.471,96.486,90.597,92.576,85.341,84.89,87.39,87.489,86.37,75.485,89.799,71.566,82.761,85.344,82.135,78.565,86.03,80.315,77.895,78.445,74.002,76.82,84.999,67.649,75.868,80.293,76.283,73.5,71.684,69.947,73.571,71.297,66.976,73.417,69.618,55.682,70.473,81.204,68.555,65.824,69.638,69.13,67.133,64.785,75.347,65.459,83.556,65.347,74.269,67.49,57.077,60.418,55.656,60.358,52.861,52.588,59.129,64.334,70.201,56.65,75.595,77.291,78.979,75.48,67.007,66.836,65.484,65.604,67.958,69.044,68.005,43.623,79.19,63.998,70.617,66.797,62.453,76.761,57.247,55.823,49.713,57.675,59.705,57.926,61.56,63.214,57.077,58.367,57.648,55.466,56.492,58.56,52.431,58.489,54.311,45.038,69.143,60.731,53.203,50.531,50.59,55.09,51.657,50.243,53.232,50.869,51.355,47.007,50.236,53.917,45.372,51.183,47.162,48.412,49.996,52.965,52.665,69.95,48.183,53.045,62.476,52.684,48.701,54.209,49.855,52.302,57.647,52.498,55.55,58.846,53.131,46.747,70.178,60.397,59.798,58.331,56.591,63.495,59.69,53.873,55.069,54.036,58.331,53.166,62.68,58.766,56.591,52.84,57.298,63.386,54.526,56.211,54.417,49.796,57.298,52.405,65.616,64.311,59.527,57.244,57.733,58.602,54.906,54.199,49.47,47.35,74.857,54.852,75.998,70.399,62.354,59.092,59.907,61.919,57.624,62.408,59.364,59.418,71.215,69.692,68.334,na,na,na,na,na,na,na,na,na,na,na,na,na,na,na,na,na,na,na,na,na,na,na,na,na,na,na,na,na,na,na,na,na,na,na,na,na,na,na,na,na,na,na,na,na,na,na,na,na,na,na,na,na,na,na,na,na,na,na,na,na,na,na,na,na,na,na,na,na,na,na,na,na,na,na,na,na,na,na,na,na,na,na,na,na,na,na,na,na,na,na,na,na,na,na,na
Total (Excluding Motor Vehicles),99.535,123.093,126.174,113.703,112.476,106.415,109.728,106.729,103.209,111.691,103.175,111.106,106.632,117.16,131.126,114.665,111.163,107.804,111.109,109.273,106.335,111.402,107.811,108.721,97.515,119.641,134.675,113.469,112.697,107.101,106.758,108.471,103.924,109.62,103.481,104.58,87.449,117.606,122.278,103.657,98.146,91.526,91.381,91.203,86.421,89.084,87.986,91.825,89.086,100.997,112.523,99.043,87.892,84.257,91.039,89.242,72.068,54.706,63.034,87.842,82.415,110.787,117.262,101.432,98.78,96.21,99.428,96.879,94.734,98.865,92.874,97.826,91.515,112.158,117.312,102.508,99.384,96.381,100.614,98.882,97.141,99.209,94.431,98.557,101.979,106.376,120.814,101.575,98.556,94.896,98.315,98.615,97.375,97.047,93.002,95.871,89.545,114.388,117.769,96.94,97.49,92.064,95.388,97.445,93.923,97.108,90.798,94.791,93.751,111.275,117.048,99.447,98.097,94.086,101.667,100.509,96.177,100.208,94.168,96.643,102.88,109.284,121.557,101.382,102.613,95.854,99.771,99.736,98.868,99.642,94.846,99.9,90.822,120.084,121.595,100.52,98.952,96.522,101.86,101.165,101.926,101.232,96.715,101.293,100.614,109.31,121.132,100.13,100.243,96.975,100.251,99.129,99.567,98.591,96.604,100.36,91.779,115.663,121.938,98.491,99.183,93.051,97.068,99.853,97.195,97.74,93.636,94.411,84.688,111.71,113.282,93.252,91.376,90.376,90.193,90.182,87.888,90.606,84.83,88.342,87.027,96.039,103.994,85.905,85.452,85.98,85.751,85.867,84.881,84.578,79.158,82.901,72.85,94.893,100.721,82.761,86.345,87.176,87.924,87.66,86.717,88.932,81.889,88.653,81.016,97.47,103.109,84.06,83.411,80.572,79.095,80.336,88.031,82.058,75.942,78.804,78.306,83.723,93.753,74.118,75.614,73.383,72.856,74.536,72.916,76.435,71.817,72.651,64.63,87.044,88.664,70.608,74.112,68.982,69.005,71.535,69.102,68.872,65.936,69.105,64.157,79.412,84.163,68.035,65.151,62.709,63.231,64.942,65.863,64.877,60.334,63.423,59.748,74.193,80.653,64.344,61.891,57.178,59.045,58.828,60.855,56.415,52.547,59.903,51.646,73.713,80.253,65.387,61.799,57.771,59.287,61.809,60.161,61.164,56.819,59.964,57.024,67.786,76.923,61.658,57.344,56.042,59.996,60.026,60.148,59.178,55.863,59.767,55.081,71.446,78.148,62.36,59.399,58.513,58.153,61.125,59.346,59.475,56.797,59.108,55.321,72.211,72.199,58.945,56.362,54.68,55.881,56.609,57.91,56.597,51.398,53.811,55.3,61.773,65.673,53.058,51.74,49.322,50.835,52.709,53.013,53.25,51.896,53.585,49.045,68.303,68.153,59.199,56.246,55.305,57.468,64.017,58.68,56.95,54.819,58.006,56.547,73.143,72.931,61.209,57.163,55.808,54.913,58.717,55.48,54.445,51.605,55.539,60.256,62.935,68.349,56.488,53.863,53.195,53.992,55.6,51.872,53.196,48.314,53.662,47.538,66.575,66.435,53.992,52.884,51.643,51.312,53.25,47.455,47.379,42.962,65.381,53.395,62.271,66.59,52.584,52.137,50.432,50.407,50.479,49.344,49.182,45.539,52.589,46.946,60.046,61.875,50.67,49.5,49.159,50.62,49.549,47.503,47.747,46.48,50.865,47.113,58.514,58.465,49.452,49.452,46.334,48.818,47.601,46.772,47.308,44.823,47.064,46.528,52.132,58.952,48.464,47.514,46.006,49.4,49.353,46.685,46.751,46.276,48.718,44.57,55.045,57.988,49.459,46.3,45.75,47.471,44.91,42.442,43.547,42.106,44.951,41.644,49.951,52.462,44.072,42.993,42.119,43.386,42.151,39.925,41.488,39.051,42.481,42.544,42.55,47.891,40.936,39.988,38.339,39.413,38.138,37.497,38.324,35.456,37.013,33.595,40.003,39.202,32.121,31.186,30.272,31.39,31.343,29.402,31.664,29.546,31.64,33.02,39.367,40.883,34.861,32.534,33.034,34.709,33.023,33.108,35.205,33.249,39.815,44.004,44.011
